-- MySQL Workbench Forward Engineering

SET @OLD_UNIQUE_CHECKS=@@UNIQUE_CHECKS, UNIQUE_CHECKS=0;
SET @OLD_FOREIGN_KEY_CHECKS=@@FOREIGN_KEY_CHECKS, FOREIGN_KEY_CHECKS=0;
SET @OLD_SQL_MODE=@@SQL_MODE, SQL_MODE='ONLY_FULL_GROUP_BY,STRICT_TRANS_TABLES,NO_ZERO_IN_DATE,NO_ZERO_DATE,ERROR_FOR_DIVISION_BY_ZERO,NO_ENGINE_SUBSTITUTION';

-- -----------------------------------------------------
-- Schema mes17_p1
-- -----------------------------------------------------
DROP SCHEMA IF EXISTS `mes17_p1` ;

-- -----------------------------------------------------
-- Schema mes17_p1
-- -----------------------------------------------------
CREATE SCHEMA IF NOT EXISTS `mes17_p1` DEFAULT CHARACTER SET utf8 ;
SHOW WARNINGS;
USE `mes17_p1` ;

-- -----------------------------------------------------
-- Table `mes17_p1`.`person`
-- -----------------------------------------------------
DROP TABLE IF EXISTS `mes17_p1`.`person` ;

SHOW WARNINGS;
CREATE TABLE IF NOT EXISTS `mes17_p1`.`person` (
  `per_id` SMALLINT UNSIGNED NOT NULL AUTO_INCREMENT,
  `per_ssn` BINARY(64) NULL DEFAULT NULL,
  `per_salt` BINARY(64) NULL DEFAULT NULL,
  `per_fname` VARCHAR(15) NOT NULL,
  `per_lname` VARCHAR(30) NOT NULL,
  `per_street` VARCHAR(30) NOT NULL,
  `per_city` VARCHAR(30) NOT NULL,
  `per_state` CHAR(2) NOT NULL,
  `per_zip` INT(9) UNSIGNED ZEROFILL NOT NULL,
  `per_email` VARCHAR(100) NOT NULL,
  `per_dob` DATE NOT NULL,
  `per_type` ENUM('a', 'c', 'j') NOT NULL,
  `per_notes` VARCHAR(255) NULL DEFAULT NULL,
  PRIMARY KEY (`per_id`),
  UNIQUE INDEX `ux_per_ssn` (`per_ssn` ASC))
ENGINE = InnoDB
DEFAULT CHARACTER SET = utf8
COLLATE = utf8_unicode_ci;

SHOW WARNINGS;

-- -----------------------------------------------------
-- Table `mes17_p1`.`phone`
-- -----------------------------------------------------
DROP TABLE IF EXISTS `mes17_p1`.`phone` ;

SHOW WARNINGS;
CREATE TABLE IF NOT EXISTS `mes17_p1`.`phone` (
  `phn_id` SMALLINT UNSIGNED NOT NULL AUTO_INCREMENT,
  `per_id` SMALLINT UNSIGNED NOT NULL,
  `phn_num` BIGINT UNSIGNED NOT NULL,
  `phn_type` ENUM('c', 'h', 'w', 'f') NOT NULL,
  `phn_notes` VARCHAR(255) NULL DEFAULT NULL,
  PRIMARY KEY (`phn_id`),
  INDEX `idx_per_id` (`per_id` ASC),
  CONSTRAINT `fk_phone_person`
    FOREIGN KEY (`per_id`)
    REFERENCES `mes17_p1`.`person` (`per_id`)
    ON DELETE NO ACTION
    ON UPDATE CASCADE)
ENGINE = InnoDB
DEFAULT CHARACTER SET = utf8
COLLATE = utf8_unicode_ci;

SHOW WARNINGS;

-- -----------------------------------------------------
-- Table `mes17_p1`.`client`
-- -----------------------------------------------------
DROP TABLE IF EXISTS `mes17_p1`.`client` ;

SHOW WARNINGS;
CREATE TABLE IF NOT EXISTS `mes17_p1`.`client` (
  `per_id` SMALLINT UNSIGNED NOT NULL,
  `cli_notes` VARCHAR(255) NULL DEFAULT NULL,
  INDEX `idx_per_id` (`per_id` ASC),
  PRIMARY KEY (`per_id`),
  CONSTRAINT `fk_client_person`
    FOREIGN KEY (`per_id`)
    REFERENCES `mes17_p1`.`person` (`per_id`)
    ON DELETE NO ACTION
    ON UPDATE CASCADE)
ENGINE = InnoDB
DEFAULT CHARACTER SET = utf8
COLLATE = utf8_unicode_ci;

SHOW WARNINGS;

-- -----------------------------------------------------
-- Table `mes17_p1`.`attorney`
-- -----------------------------------------------------
DROP TABLE IF EXISTS `mes17_p1`.`attorney` ;

SHOW WARNINGS;
CREATE TABLE IF NOT EXISTS `mes17_p1`.`attorney` (
  `per_id` SMALLINT UNSIGNED NOT NULL,
  `aty_start_date` DATE NOT NULL,
  `aty_end_date` DATE NULL DEFAULT NULL,
  `aty_hourly_rate` DECIMAL(5,2) UNSIGNED NOT NULL,
  `aty_years_in_practice` TINYINT NOT NULL,
  `aty_notes` VARCHAR(255) NULL DEFAULT NULL,
  INDEX `idx_per_id` (`per_id` ASC),
  PRIMARY KEY (`per_id`),
  CONSTRAINT `fk_attorney_person`
    FOREIGN KEY (`per_id`)
    REFERENCES `mes17_p1`.`person` (`per_id`)
    ON DELETE NO ACTION
    ON UPDATE CASCADE)
ENGINE = InnoDB
DEFAULT CHARACTER SET = utf8
COLLATE = utf8_unicode_ci;

SHOW WARNINGS;

-- -----------------------------------------------------
-- Table `mes17_p1`.`bar`
-- -----------------------------------------------------
DROP TABLE IF EXISTS `mes17_p1`.`bar` ;

SHOW WARNINGS;
CREATE TABLE IF NOT EXISTS `mes17_p1`.`bar` (
  `bar_id` TINYINT UNSIGNED NOT NULL AUTO_INCREMENT,
  `per_id` SMALLINT UNSIGNED NOT NULL,
  `bar_name` VARCHAR(45) NOT NULL,
  `bar_notes` VARCHAR(255) NULL DEFAULT NULL,
  PRIMARY KEY (`bar_id`),
  INDEX `idx_per_id` (`per_id` ASC),
  CONSTRAINT `fk_bar_attorney`
    FOREIGN KEY (`per_id`)
    REFERENCES `mes17_p1`.`attorney` (`per_id`)
    ON DELETE NO ACTION
    ON UPDATE CASCADE)
ENGINE = InnoDB
DEFAULT CHARACTER SET = utf8
COLLATE = utf8_unicode_ci;

SHOW WARNINGS;

-- -----------------------------------------------------
-- Table `mes17_p1`.`specialty`
-- -----------------------------------------------------
DROP TABLE IF EXISTS `mes17_p1`.`specialty` ;

SHOW WARNINGS;
CREATE TABLE IF NOT EXISTS `mes17_p1`.`specialty` (
  `spc_id` TINYINT UNSIGNED NOT NULL AUTO_INCREMENT,
  `per_id` SMALLINT UNSIGNED NOT NULL,
  `spc_type` VARCHAR(45) NOT NULL,
  `spc_notes` VARCHAR(255) NULL DEFAULT NULL,
  PRIMARY KEY (`spc_id`),
  INDEX `idx_per_id` (`per_id` ASC),
  CONSTRAINT `fk_specialty_attorney`
    FOREIGN KEY (`per_id`)
    REFERENCES `mes17_p1`.`attorney` (`per_id`)
    ON DELETE NO ACTION
    ON UPDATE CASCADE)
ENGINE = InnoDB
DEFAULT CHARACTER SET = utf8
COLLATE = utf8_unicode_ci;

SHOW WARNINGS;

-- -----------------------------------------------------
-- Table `mes17_p1`.`court`
-- -----------------------------------------------------
DROP TABLE IF EXISTS `mes17_p1`.`court` ;

SHOW WARNINGS;
CREATE TABLE IF NOT EXISTS `mes17_p1`.`court` (
  `crt_id` TINYINT UNSIGNED NOT NULL AUTO_INCREMENT,
  `crt_name` VARCHAR(45) NOT NULL,
  `crt_street` VARCHAR(30) NOT NULL,
  `crt_city` VARCHAR(30) NOT NULL,
  `crt_state` CHAR(2) NOT NULL,
  `crt_zip` INT(9) UNSIGNED ZEROFILL NOT NULL,
  `crt_phone` BIGINT NOT NULL,
  `crt_email` VARCHAR(100) NOT NULL,
  `crt_url` VARCHAR(100) NOT NULL,
  `crt_notes` VARCHAR(255) NULL DEFAULT NULL,
  PRIMARY KEY (`crt_id`))
ENGINE = InnoDB
DEFAULT CHARACTER SET = utf8
COLLATE = utf8_unicode_ci;

SHOW WARNINGS;

-- -----------------------------------------------------
-- Table `mes17_p1`.`judge`
-- -----------------------------------------------------
DROP TABLE IF EXISTS `mes17_p1`.`judge` ;

SHOW WARNINGS;
CREATE TABLE IF NOT EXISTS `mes17_p1`.`judge` (
  `per_id` SMALLINT UNSIGNED NOT NULL,
  `crt_id` TINYINT UNSIGNED NULL DEFAULT NULL,
  `jud_salary` DECIMAL(8,2) UNSIGNED NOT NULL,
  `jud_years_in_practice` TINYINT UNSIGNED NOT NULL,
  `jud_notes` VARCHAR(255) NULL DEFAULT NULL,
  INDEX `idx_per_id` (`per_id` ASC),
  PRIMARY KEY (`per_id`),
  INDEX `idx_crt_id` (`crt_id` ASC),
  CONSTRAINT `fk_judge_person`
    FOREIGN KEY (`per_id`)
    REFERENCES `mes17_p1`.`person` (`per_id`)
    ON DELETE NO ACTION
    ON UPDATE CASCADE,
  CONSTRAINT `fk_judge_court`
    FOREIGN KEY (`crt_id`)
    REFERENCES `mes17_p1`.`court` (`crt_id`)
    ON DELETE NO ACTION
    ON UPDATE CASCADE)
ENGINE = InnoDB
DEFAULT CHARACTER SET = utf8
COLLATE = utf8_unicode_ci;

SHOW WARNINGS;

-- -----------------------------------------------------
-- Table `mes17_p1`.`case`
-- -----------------------------------------------------
DROP TABLE IF EXISTS `mes17_p1`.`case` ;

SHOW WARNINGS;
CREATE TABLE IF NOT EXISTS `mes17_p1`.`case` (
  `cse_id` SMALLINT UNSIGNED NOT NULL AUTO_INCREMENT,
  `per_id` SMALLINT UNSIGNED NOT NULL,
  `cse_type` VARCHAR(45) NOT NULL,
  `cse_description` TEXT NOT NULL,
  `cse_start_date` DATE NOT NULL,
  `cse_end_date` DATE NULL DEFAULT NULL,
  `cse_notes` VARCHAR(255) NULL DEFAULT NULL,
  PRIMARY KEY (`cse_id`),
  INDEX `idx_per_id` (`per_id` ASC),
  CONSTRAINT `fk_court_case_judge`
    FOREIGN KEY (`per_id`)
    REFERENCES `mes17_p1`.`judge` (`per_id`)
    ON DELETE NO ACTION
    ON UPDATE CASCADE)
ENGINE = InnoDB
DEFAULT CHARACTER SET = utf8
COLLATE = utf8_unicode_ci;

SHOW WARNINGS;

-- -----------------------------------------------------
-- Table `mes17_p1`.`judge_hist`
-- -----------------------------------------------------
DROP TABLE IF EXISTS `mes17_p1`.`judge_hist` ;

SHOW WARNINGS;
CREATE TABLE IF NOT EXISTS `mes17_p1`.`judge_hist` (
  `jhs_id` SMALLINT UNSIGNED NOT NULL AUTO_INCREMENT,
  `per_id` SMALLINT UNSIGNED NOT NULL,
  `jhs_crt_id` TINYINT NULL DEFAULT NULL,
  `jhs_date` TIMESTAMP NOT NULL DEFAULT CURRENT_TIMESTAMP(),
  `jhs_type` ENUM('i', 'u', 'd') NOT NULL DEFAULT 'i',
  `jhs_salary` DECIMAL(8,2) NOT NULL,
  `jhs_notes` VARCHAR(255) NULL DEFAULT NULL,
  PRIMARY KEY (`jhs_id`),
  INDEX `idx_per_id` (`per_id` ASC),
  CONSTRAINT `fk_judge_hist_judge`
    FOREIGN KEY (`per_id`)
    REFERENCES `mes17_p1`.`judge` (`per_id`)
    ON DELETE NO ACTION
    ON UPDATE CASCADE)
ENGINE = InnoDB
DEFAULT CHARACTER SET = utf8
COLLATE = utf8_unicode_ci;

SHOW WARNINGS;

-- -----------------------------------------------------
-- Table `mes17_p1`.`assignment`
-- -----------------------------------------------------
DROP TABLE IF EXISTS `mes17_p1`.`assignment` ;

SHOW WARNINGS;
CREATE TABLE IF NOT EXISTS `mes17_p1`.`assignment` (
  `asn_id` SMALLINT UNSIGNED NOT NULL AUTO_INCREMENT,
  `per_cid` SMALLINT UNSIGNED NOT NULL,
  `per_aid` SMALLINT UNSIGNED NOT NULL,
  `cse_id` SMALLINT UNSIGNED NOT NULL,
  `asn_notes` VARCHAR(255) NULL,
  PRIMARY KEY (`asn_id`),
  INDEX `fk_assignment_client1_idx` (`per_cid` ASC),
  INDEX `fk_assignment_attorney1_idx` (`per_aid` ASC),
  INDEX `fk_assignment_case1_idx` (`cse_id` ASC),
  CONSTRAINT `fk_assignment_client1`
    FOREIGN KEY (`per_cid`)
    REFERENCES `mes17_p1`.`client` (`per_id`)
    ON DELETE NO ACTION
    ON UPDATE CASCADE,
  CONSTRAINT `fk_assignment_attorney1`
    FOREIGN KEY (`per_aid`)
    REFERENCES `mes17_p1`.`attorney` (`per_id`)
    ON DELETE NO ACTION
    ON UPDATE CASCADE,
  CONSTRAINT `fk_assignment_case1`
    FOREIGN KEY (`cse_id`)
    REFERENCES `mes17_p1`.`case` (`cse_id`)
    ON DELETE NO ACTION
    ON UPDATE CASCADE)
ENGINE = InnoDB;

SHOW WARNINGS;

SET SQL_MODE=@OLD_SQL_MODE;
SET FOREIGN_KEY_CHECKS=@OLD_FOREIGN_KEY_CHECKS;
SET UNIQUE_CHECKS=@OLD_UNIQUE_CHECKS;

-- -----------------------------------------------------
-- Data for table `mes17_p1`.`person`
-- -----------------------------------------------------
START TRANSACTION;
USE `mes17_p1`;
INSERT INTO `mes17_p1`.`person` (`per_id`, `per_ssn`, `per_salt`, `per_fname`, `per_lname`, `per_street`, `per_city`, `per_state`, `per_zip`, `per_email`, `per_dob`, `per_type`, `per_notes`) VALUES (DEFAULT, NULL, NULL, 'Steve', 'Rogers', '437 Southern Drive', 'Rochester', 'NY', 324402222, 'srogers@comcast.net', '1923-10-03', 'c', NULL);
INSERT INTO `mes17_p1`.`person` (`per_id`, `per_ssn`, `per_salt`, `per_fname`, `per_lname`, `per_street`, `per_city`, `per_state`, `per_zip`, `per_email`, `per_dob`, `per_type`, `per_notes`) VALUES (DEFAULT, NULL, NULL, 'Bruce', 'Wayne', '1007 Mountain Drive', 'Gotham', 'NY', 003208440, 'bwayne@knology.net', '1968-03-20', 'c', NULL);
INSERT INTO `mes17_p1`.`person` (`per_id`, `per_ssn`, `per_salt`, `per_fname`, `per_lname`, `per_street`, `per_city`, `per_state`, `per_zip`, `per_email`, `per_dob`, `per_type`, `per_notes`) VALUES (DEFAULT, NULL, NULL, 'Peter', 'Parker', '20 Ingram Street', 'New York', 'NY', 102862341, 'pparker@msn.com', '1988-09-12', 'c', NULL);
INSERT INTO `mes17_p1`.`person` (`per_id`, `per_ssn`, `per_salt`, `per_fname`, `per_lname`, `per_street`, `per_city`, `per_state`, `per_zip`, `per_email`, `per_dob`, `per_type`, `per_notes`) VALUES (DEFAULT, NULL, NULL, 'Jane', 'Thompson', '13563 Ocean View Drive', 'Seattle', 'WA', 032084409, 'jthompson@gmail.com', '1978-05-08', 'c', NULL);
INSERT INTO `mes17_p1`.`person` (`per_id`, `per_ssn`, `per_salt`, `per_fname`, `per_lname`, `per_street`, `per_city`, `per_state`, `per_zip`, `per_email`, `per_dob`, `per_type`, `per_notes`) VALUES (DEFAULT, NULL, NULL, 'Debra', 'Steele', '543 Oak Ln', 'Milwaukee', 'WI', 286234178, 'dsteele@verizon.net', '1994-07-19', 'c', NULL);
INSERT INTO `mes17_p1`.`person` (`per_id`, `per_ssn`, `per_salt`, `per_fname`, `per_lname`, `per_street`, `per_city`, `per_state`, `per_zip`, `per_email`, `per_dob`, `per_type`, `per_notes`) VALUES (DEFAULT, NULL, NULL, 'Tony', 'Stark', '332 Palm Avenue', 'Malibu', 'CA', 902638332, 'tstark@yahoo.com', '1972-05-04', 'a', NULL);
INSERT INTO `mes17_p1`.`person` (`per_id`, `per_ssn`, `per_salt`, `per_fname`, `per_lname`, `per_street`, `per_city`, `per_state`, `per_zip`, `per_email`, `per_dob`, `per_type`, `per_notes`) VALUES (DEFAULT, NULL, NULL, 'Hank', 'Pymil', '2355 Brown Street', 'Cleveland', 'OH', 022348890, 'hpym@aol.com', '1980-08-28', 'a', NULL);
INSERT INTO `mes17_p1`.`person` (`per_id`, `per_ssn`, `per_salt`, `per_fname`, `per_lname`, `per_street`, `per_city`, `per_state`, `per_zip`, `per_email`, `per_dob`, `per_type`, `per_notes`) VALUES (DEFAULT, NULL, NULL, 'Bob', 'Best', '4902 Avendale Avenue', 'Scottsdale', 'AZ', 872638332, 'bbest@yahoo.com', '1992-02-10', 'a', NULL);
INSERT INTO `mes17_p1`.`person` (`per_id`, `per_ssn`, `per_salt`, `per_fname`, `per_lname`, `per_street`, `per_city`, `per_state`, `per_zip`, `per_email`, `per_dob`, `per_type`, `per_notes`) VALUES (DEFAULT, NULL, NULL, 'Sandra', 'Dole', '87912 Lawrence Ave', 'Atlanta', 'GA', 002348890, 'sdole@gmail.com', '1990-01-26', 'a', NULL);
INSERT INTO `mes17_p1`.`person` (`per_id`, `per_ssn`, `per_salt`, `per_fname`, `per_lname`, `per_street`, `per_city`, `per_state`, `per_zip`, `per_email`, `per_dob`, `per_type`, `per_notes`) VALUES (DEFAULT, NULL, NULL, 'Ben', 'Avery', '6432 Thunderbird Ln', 'Sioux Falls', 'SD', 562638332, 'bavery@hotmail.com', '1983-12-24', 'a', NULL);
INSERT INTO `mes17_p1`.`person` (`per_id`, `per_ssn`, `per_salt`, `per_fname`, `per_lname`, `per_street`, `per_city`, `per_state`, `per_zip`, `per_email`, `per_dob`, `per_type`, `per_notes`) VALUES (DEFAULT, NULL, NULL, 'Authur', 'Curry', '3304 Euclid Avenue', 'Miami', 'FL', 00219932, 'acurry@gmail.com', '1975-12-15', 'j', NULL);
INSERT INTO `mes17_p1`.`person` (`per_id`, `per_ssn`, `per_salt`, `per_fname`, `per_lname`, `per_street`, `per_city`, `per_state`, `per_zip`, `per_email`, `per_dob`, `per_type`, `per_notes`) VALUES (DEFAULT, NULL, NULL, 'Diana', 'Price', '944 Green Street', 'Las Vegas', 'NV', 332048832, 'dprice@symaptico.com', '1980-08-22', 'j', NULL);
INSERT INTO `mes17_p1`.`person` (`per_id`, `per_ssn`, `per_salt`, `per_fname`, `per_lname`, `per_street`, `per_city`, `per_state`, `per_zip`, `per_email`, `per_dob`, `per_type`, `per_notes`) VALUES (DEFAULT, NULL, NULL, 'Adam', 'Jurris', '98435 Valencia Dr.', 'Gulf Shores', 'AL', 870219932, 'ajurris@gmx.com', '1995-01-31', 'j', NULL);
INSERT INTO `mes17_p1`.`person` (`per_id`, `per_ssn`, `per_salt`, `per_fname`, `per_lname`, `per_street`, `per_city`, `per_state`, `per_zip`, `per_email`, `per_dob`, `per_type`, `per_notes`) VALUES (DEFAULT, NULL, NULL, 'Judy', 'Sleen', '56343 Rover Ct.', 'Billings', 'MT', 672048823, 'jsleen@symaptico.com', '1970-03-22', 'j', NULL);
INSERT INTO `mes17_p1`.`person` (`per_id`, `per_ssn`, `per_salt`, `per_fname`, `per_lname`, `per_street`, `per_city`, `per_state`, `per_zip`, `per_email`, `per_dob`, `per_type`, `per_notes`) VALUES (DEFAULT, NULL, NULL, 'Bill', 'Neiderheim', '43567 Netherland Blvd', 'South Bend', 'IN', 320219932, 'bneiderheim@comcast.net', '1982-03-12', 'j', NULL);

COMMIT;


-- -----------------------------------------------------
-- Data for table `mes17_p1`.`phone`
-- -----------------------------------------------------
START TRANSACTION;
USE `mes17_p1`;
INSERT INTO `mes17_p1`.`phone` (`phn_id`, `per_id`, `phn_num`, `phn_type`, `phn_notes`) VALUES (DEFAULT, 1, 8032288827, 'c', NULL);
INSERT INTO `mes17_p1`.`phone` (`phn_id`, `per_id`, `phn_num`, `phn_type`, `phn_notes`) VALUES (DEFAULT, 2, 2052338293, 'h', NULL);
INSERT INTO `mes17_p1`.`phone` (`phn_id`, `per_id`, `phn_num`, `phn_type`, `phn_notes`) VALUES (DEFAULT, 3, 8202052203, 'w', NULL);
INSERT INTO `mes17_p1`.`phone` (`phn_id`, `per_id`, `phn_num`, `phn_type`, `phn_notes`) VALUES (DEFAULT, 4, 4537821902, 'f', NULL);
INSERT INTO `mes17_p1`.`phone` (`phn_id`, `per_id`, `phn_num`, `phn_type`, `phn_notes`) VALUES (DEFAULT, 5, 3721821902, 'c', NULL);

COMMIT;


-- -----------------------------------------------------
-- Data for table `mes17_p1`.`client`
-- -----------------------------------------------------
START TRANSACTION;
USE `mes17_p1`;
INSERT INTO `mes17_p1`.`client` (`per_id`, `cli_notes`) VALUES (1, NULL);
INSERT INTO `mes17_p1`.`client` (`per_id`, `cli_notes`) VALUES (2, NULL);
INSERT INTO `mes17_p1`.`client` (`per_id`, `cli_notes`) VALUES (3, NULL);
INSERT INTO `mes17_p1`.`client` (`per_id`, `cli_notes`) VALUES (4, NULL);
INSERT INTO `mes17_p1`.`client` (`per_id`, `cli_notes`) VALUES (5, NULL);

COMMIT;


-- -----------------------------------------------------
-- Data for table `mes17_p1`.`attorney`
-- -----------------------------------------------------
START TRANSACTION;
USE `mes17_p1`;
INSERT INTO `mes17_p1`.`attorney` (`per_id`, `aty_start_date`, `aty_end_date`, `aty_hourly_rate`, `aty_years_in_practice`, `aty_notes`) VALUES (6, '2006-06-12', NULL, 25, 14, NULL);
INSERT INTO `mes17_p1`.`attorney` (`per_id`, `aty_start_date`, `aty_end_date`, `aty_hourly_rate`, `aty_years_in_practice`, `aty_notes`) VALUES (7, '2003-08-20', NULL, 32, 17, NULL);
INSERT INTO `mes17_p1`.`attorney` (`per_id`, `aty_start_date`, `aty_end_date`, `aty_hourly_rate`, `aty_years_in_practice`, `aty_notes`) VALUES (8, '2009-12-12', NULL, 40, 11, NULL);
INSERT INTO `mes17_p1`.`attorney` (`per_id`, `aty_start_date`, `aty_end_date`, `aty_hourly_rate`, `aty_years_in_practice`, `aty_notes`) VALUES (9, '2008-06-06', NULL, 27, 12, NULL);
INSERT INTO `mes17_p1`.`attorney` (`per_id`, `aty_start_date`, `aty_end_date`, `aty_hourly_rate`, `aty_years_in_practice`, `aty_notes`) VALUES (10, '2011-09-12', NULL, 36, 9, NULL);

COMMIT;


-- -----------------------------------------------------
-- Data for table `mes17_p1`.`bar`
-- -----------------------------------------------------
START TRANSACTION;
USE `mes17_p1`;
INSERT INTO `mes17_p1`.`bar` (`bar_id`, `per_id`, `bar_name`, `bar_notes`) VALUES (DEFAULT, 6, 'Florida Bar', NULL);
INSERT INTO `mes17_p1`.`bar` (`bar_id`, `per_id`, `bar_name`, `bar_notes`) VALUES (DEFAULT, 7, 'New York Bar', NULL);
INSERT INTO `mes17_p1`.`bar` (`bar_id`, `per_id`, `bar_name`, `bar_notes`) VALUES (DEFAULT, 8, 'California Bar', NULL);
INSERT INTO `mes17_p1`.`bar` (`bar_id`, `per_id`, `bar_name`, `bar_notes`) VALUES (DEFAULT, 9, 'Texas Bar', NULL);
INSERT INTO `mes17_p1`.`bar` (`bar_id`, `per_id`, `bar_name`, `bar_notes`) VALUES (DEFAULT, 10, 'Illinois Bar', NULL);

COMMIT;


-- -----------------------------------------------------
-- Data for table `mes17_p1`.`specialty`
-- -----------------------------------------------------
START TRANSACTION;
USE `mes17_p1`;
INSERT INTO `mes17_p1`.`specialty` (`spc_id`, `per_id`, `spc_type`, `spc_notes`) VALUES (DEFAULT, 6, 'Family', NULL);
INSERT INTO `mes17_p1`.`specialty` (`spc_id`, `per_id`, `spc_type`, `spc_notes`) VALUES (DEFAULT, 7, 'Business', NULL);
INSERT INTO `mes17_p1`.`specialty` (`spc_id`, `per_id`, `spc_type`, `spc_notes`) VALUES (DEFAULT, 8, 'Criminal ', NULL);
INSERT INTO `mes17_p1`.`specialty` (`spc_id`, `per_id`, `spc_type`, `spc_notes`) VALUES (DEFAULT, 9, 'Enviromental ', NULL);
INSERT INTO `mes17_p1`.`specialty` (`spc_id`, `per_id`, `spc_type`, `spc_notes`) VALUES (DEFAULT, 10, 'Medical', NULL);

COMMIT;


-- -----------------------------------------------------
-- Data for table `mes17_p1`.`court`
-- -----------------------------------------------------
START TRANSACTION;
USE `mes17_p1`;
INSERT INTO `mes17_p1`.`court` (`crt_id`, `crt_name`, `crt_street`, `crt_city`, `crt_state`, `crt_zip`, `crt_phone`, `crt_email`, `crt_url`, `crt_notes`) VALUES (DEFAULT, 'Leon County Circuit Court', '301 South Monroe Street', 'Tallahassee', 'FL', 323035292,  8506065504, 'lccc@us.fl.gov', 'http://leoncountycircuitcourt.gov/', NULL);
INSERT INTO `mes17_p1`.`court` (`crt_id`, `crt_name`, `crt_street`, `crt_city`, `crt_state`, `crt_zip`, `crt_phone`, `crt_email`, `crt_url`, `crt_notes`) VALUES (DEFAULT, 'Leon County Traffic Court', '1921 Thomasville Road', 'Tallahassee', 'FL', 323035292,  8505774100, 'lctc@us.fl.gov', 'http://www.leoncountytrafficcourt.gov/', NULL);
INSERT INTO `mes17_p1`.`court` (`crt_id`, `crt_name`, `crt_street`, `crt_city`, `crt_state`, `crt_zip`, `crt_phone`, `crt_email`, `crt_url`, `crt_notes`) VALUES (DEFAULT, 'Florida Supreme Court', '500 South Duval Street', 'Tallahassee', 'FL', 323035292,  8504880125, 'fsc@us.fl.gov', 'http://www.floridasupremecourt.org/', NULL);
INSERT INTO `mes17_p1`.`court` (`crt_id`, `crt_name`, `crt_street`, `crt_city`, `crt_state`, `crt_zip`, `crt_phone`, `crt_email`, `crt_url`, `crt_notes`) VALUES (DEFAULT, 'Orange County Courthouse', '424 North Orange Avenue', 'Orlando', 'FL', 328012248,  4078362000, 'occ@us.fl.gov', 'http://www.ninthcircuit.org/', NULL);
INSERT INTO `mes17_p1`.`court` (`crt_id`, `crt_name`, `crt_street`, `crt_city`, `crt_state`, `crt_zip`, `crt_phone`, `crt_email`, `crt_url`, `crt_notes`) VALUES (DEFAULT, 'Fifth District Court of Appeal', '300 South Beach Street', 'Daytona Beach', 'FL', 321158763,  3862258600, '5dca@us.fl.gov', 'http://www.5dca.org/', NULL);

COMMIT;


-- -----------------------------------------------------
-- Data for table `mes17_p1`.`judge`
-- -----------------------------------------------------
START TRANSACTION;
USE `mes17_p1`;
INSERT INTO `mes17_p1`.`judge` (`per_id`, `crt_id`, `jud_salary`, `jud_years_in_practice`, `jud_notes`) VALUES (11, 1, 150000, 9, NULL);
INSERT INTO `mes17_p1`.`judge` (`per_id`, `crt_id`, `jud_salary`, `jud_years_in_practice`, `jud_notes`) VALUES (12, 2, 185000, 8, NULL);
INSERT INTO `mes17_p1`.`judge` (`per_id`, `crt_id`, `jud_salary`, `jud_years_in_practice`, `jud_notes`) VALUES (13, 3, 132000, 7, NULL);
INSERT INTO `mes17_p1`.`judge` (`per_id`, `crt_id`, `jud_salary`, `jud_years_in_practice`, `jud_notes`) VALUES (14, 4, 175000, 6, NULL);
INSERT INTO `mes17_p1`.`judge` (`per_id`, `crt_id`, `jud_salary`, `jud_years_in_practice`, `jud_notes`) VALUES (15, 5, 120000, 5, NULL);

COMMIT;


-- -----------------------------------------------------
-- Data for table `mes17_p1`.`case`
-- -----------------------------------------------------
START TRANSACTION;
USE `mes17_p1`;
INSERT INTO `mes17_p1`.`case` (`cse_id`, `per_id`, `cse_type`, `cse_description`, `cse_start_date`, `cse_end_date`, `cse_notes`) VALUES (DEFAULT, 11, 'Civil', 'Lorus Ipsum', '2017-06-13', NULL, NULL);
INSERT INTO `mes17_p1`.`case` (`cse_id`, `per_id`, `cse_type`, `cse_description`, `cse_start_date`, `cse_end_date`, `cse_notes`) VALUES (DEFAULT, 12, 'Criminal', 'Lorus Ipsum', '2018-08-04', NULL, NULL);
INSERT INTO `mes17_p1`.`case` (`cse_id`, `per_id`, `cse_type`, `cse_description`, `cse_start_date`, `cse_end_date`, `cse_notes`) VALUES (DEFAULT, 13, 'Medical Mal-Practice', 'Lorus Ipsum', '2018-02-28', NULL, NULL);
INSERT INTO `mes17_p1`.`case` (`cse_id`, `per_id`, `cse_type`, `cse_description`, `cse_start_date`, `cse_end_date`, `cse_notes`) VALUES (DEFAULT, 14, 'Family', 'Lorus Ipsum', '2019-05-30', NULL, NULL);
INSERT INTO `mes17_p1`.`case` (`cse_id`, `per_id`, `cse_type`, `cse_description`, `cse_start_date`, `cse_end_date`, `cse_notes`) VALUES (DEFAULT, 15, 'Business', 'Lorus Ipsum', '2020-01-01', NULL, NULL);

COMMIT;


-- -----------------------------------------------------
-- Data for table `mes17_p1`.`judge_hist`
-- -----------------------------------------------------
START TRANSACTION;
USE `mes17_p1`;
INSERT INTO `mes17_p1`.`judge_hist` (`jhs_id`, `per_id`, `jhs_crt_id`, `jhs_date`, `jhs_type`, `jhs_salary`, `jhs_notes`) VALUES (DEFAULT, 11, 1, '2009-12-21', 'i', 98000, NULL);
INSERT INTO `mes17_p1`.`judge_hist` (`jhs_id`, `per_id`, `jhs_crt_id`, `jhs_date`, `jhs_type`, `jhs_salary`, `jhs_notes`) VALUES (DEFAULT, 12, 2, '2008-11-14', 'u', 112000, NULL);
INSERT INTO `mes17_p1`.`judge_hist` (`jhs_id`, `per_id`, `jhs_crt_id`, `jhs_date`, `jhs_type`, `jhs_salary`, `jhs_notes`) VALUES (DEFAULT, 13, 3, '2011-04-13', 'd', 105000, NULL);
INSERT INTO `mes17_p1`.`judge_hist` (`jhs_id`, `per_id`, `jhs_crt_id`, `jhs_date`, `jhs_type`, `jhs_salary`, `jhs_notes`) VALUES (DEFAULT, 14, 4, '2010-07-28', 'i', 96000, NULL);
INSERT INTO `mes17_p1`.`judge_hist` (`jhs_id`, `per_id`, `jhs_crt_id`, `jhs_date`, `jhs_type`, `jhs_salary`, `jhs_notes`) VALUES (DEFAULT, 15, 5, '2007-10-31', 'u', 107500, NULL);

COMMIT;


-- -----------------------------------------------------
-- Data for table `mes17_p1`.`assignment`
-- -----------------------------------------------------
START TRANSACTION;
USE `mes17_p1`;
INSERT INTO `mes17_p1`.`assignment` (`asn_id`, `per_cid`, `per_aid`, `cse_id`, `asn_notes`) VALUES (DEFAULT, 1, 6, 1, NULL);
INSERT INTO `mes17_p1`.`assignment` (`asn_id`, `per_cid`, `per_aid`, `cse_id`, `asn_notes`) VALUES (DEFAULT, 2, 7, 2, NULL);
INSERT INTO `mes17_p1`.`assignment` (`asn_id`, `per_cid`, `per_aid`, `cse_id`, `asn_notes`) VALUES (DEFAULT, 3, 8, 3, NULL);
INSERT INTO `mes17_p1`.`assignment` (`asn_id`, `per_cid`, `per_aid`, `cse_id`, `asn_notes`) VALUES (DEFAULT, 4, 9, 4, NULL);
INSERT INTO `mes17_p1`.`assignment` (`asn_id`, `per_cid`, `per_aid`, `cse_id`, `asn_notes`) VALUES (DEFAULT, 5, 10, 5, NULL);

COMMIT;

